<?xml version="1.0" encoding="UTF-8"?><module codename="com.microchip.mplab.libs.crownking">
    <module_version install_time="1705712072151" last="true" origin="installer" specification_version="2.0">
        <file crc="3254608236" name="config/Modules/com-microchip-mplab-libs-crownking.xml"/>
        <file crc="2755011724" name="modules/com-microchip-mplab-libs-crownking.jar"/>
        <file crc="1471503735" name="modules/ext/commons-cli.jar"/>
        <file crc="516512077" name="modules/ext/crownking.common.jar"/>
        <file crc="3659948434" name="modules/ext/crownking.edc.jar"/>
        <file crc="2178104540" name="modules/ext/crownking.opt.jar"/>
        <file crc="816673606" name="modules/ext/crownking.xmlindent.jar"/>
        <file crc="3182220122" name="modules/ext/crownking.xmlvalidate.jar"/>
        <file crc="4118228407" name="modules/ext/crownkingx.jar"/>
        <file crc="2408268653" name="modules/ext/feature.properties"/>
        <file crc="2817606145" name="modules/ext/mplabinfo.jar"/>
        <file crc="3577275230" name="modules/ext/mplabinfo.properties"/>
        <file crc="1678856940" name="modules/ext/packslib.jar"/>
    </module_version>
</module>
