<?xml version="1.0" encoding="UTF-8"?><module codename="com.microchip.mplab.comm">
    <module_version install_time="1705712132815" last="true" origin="installer" specification_version="1.4">
        <file crc="3084239894" name="config/Modules/com-microchip-mplab-comm.xml"/>
        <file crc="488855739" name="modules/com-microchip-mplab-comm.jar"/>
        <file crc="3324040292" name="modules/ext/NativeLoader.jar"/>
        <file crc="1166155585" name="modules/ext/jmdns.jar"/>
        <file crc="1472048151" name="modules/ext/slf4j-api.jar"/>
        <file crc="1006935432" name="modules/ext/slf4j-simple.jar"/>
    </module_version>
</module>
